year,glacier_name,country,net_mass_balance
1966,Austre Broeggerbreen,"Svalbard, Norway",0.0
1967,Austre Broeggerbreen,"Svalbard, Norway",-650.0
1968,Austre Broeggerbreen,"Svalbard, Norway",-750.0
1969,Austre Broeggerbreen,"Svalbard, Norway",-1680.0
1970,Austre Broeggerbreen,"Svalbard, Norway",-2220.0
1971,Austre Broeggerbreen,"Svalbard, Norway",-2800.0
1972,Austre Broeggerbreen,"Svalbard, Norway",-3110.0
1973,Austre Broeggerbreen,"Svalbard, Norway",-3190.0
1974,Austre Broeggerbreen,"Svalbard, Norway",-4110.0
1975,Austre Broeggerbreen,"Svalbard, Norway",-4420.0
1976,Austre Broeggerbreen,"Svalbard, Norway",-4870.0
1977,Austre Broeggerbreen,"Svalbard, Norway",-4980.0
1978,Austre Broeggerbreen,"Svalbard, Norway",-5540.0
1979,Austre Broeggerbreen,"Svalbard, Norway",-6250.0
1980,Austre Broeggerbreen,"Svalbard, Norway",-6770.0
1981,Austre Broeggerbreen,"Svalbard, Norway",-7320.0
1982,Austre Broeggerbreen,"Svalbard, Norway",-7360.0
1983,Austre Broeggerbreen,"Svalbard, Norway",-7630.0
1984,Austre Broeggerbreen,"Svalbard, Norway",-8360.0
1985,Austre Broeggerbreen,"Svalbard, Norway",-8910.0
1986,Austre Broeggerbreen,"Svalbard, Norway",-9230.0
1987,Austre Broeggerbreen,"Svalbard, Norway",-9010.0
1988,Austre Broeggerbreen,"Svalbard, Norway",-9530.0
1989,Austre Broeggerbreen,"Svalbard, Norway",-9980.0
1990,Austre Broeggerbreen,"Svalbard, Norway",-10640.0
1991,Austre Broeggerbreen,"Svalbard, Norway",-10510.0
1992,Austre Broeggerbreen,"Svalbard, Norway",-10610.0
1993,Austre Broeggerbreen,"Svalbard, Norway",-11640.0
1994,Austre Broeggerbreen,"Svalbard, Norway",-11800.0
1995,Austre Broeggerbreen,"Svalbard, Norway",-12580.0
1996,Austre Broeggerbreen,"Svalbard, Norway",-12750.0
1997,Austre Broeggerbreen,"Svalbard, Norway",-13460.0
1998,Austre Broeggerbreen,"Svalbard, Norway",-14320.0
1999,Austre Broeggerbreen,"Svalbard, Norway",-14680.0
2000,Austre Broeggerbreen,"Svalbard, Norway",-14702.0
2001,Austre Broeggerbreen,"Svalbard, Norway",-15178.0
2002,Austre Broeggerbreen,"Svalbard, Norway",-15743.0
2003,Austre Broeggerbreen,"Svalbard, Norway",-16642.0
2004,Austre Broeggerbreen,"Svalbard, Norway",-17784.0
2005,Austre Broeggerbreen,"Svalbard, Norway",-18765.0
2006,Austre Broeggerbreen,"Svalbard, Norway",-19490.0
2007,Austre Broeggerbreen,"Svalbard, Norway",-19947.0
2008,Austre Broeggerbreen,"Svalbard, Norway",-20074.0
2009,Austre Broeggerbreen,"Svalbard, Norway",-20320.0
2010,Austre Broeggerbreen,"Svalbard, Norway",-20760.0
2011,Austre Broeggerbreen,"Svalbard, Norway",-21764.0
2012,Austre Broeggerbreen,"Svalbard, Norway",-21939.0
2013,Austre Broeggerbreen,"Svalbard, Norway",-23029.0
2014,Austre Broeggerbreen,"Svalbard, Norway",-23018.0
1961,Nigardsbreen,Norway,0.0
1962,Nigardsbreen,Norway,2250.0
1963,Nigardsbreen,Norway,2030.0
1964,Nigardsbreen,Norway,2980.0
1965,Nigardsbreen,Norway,3890.0
1966,Nigardsbreen,Norway,2970.0
1967,Nigardsbreen,Norway,5130.0
1968,Nigardsbreen,Norway,5350.0
1969,Nigardsbreen,Norway,4040.0
1970,Nigardsbreen,Norway,3480.0
1971,Nigardsbreen,Norway,4300.0
1972,Nigardsbreen,Norway,4160.0
1973,Nigardsbreen,Norway,5260.0
1974,Nigardsbreen,Norway,5740.0
1975,Nigardsbreen,Norway,6010.0
1976,Nigardsbreen,Norway,6410.0
1977,Nigardsbreen,Norway,5640.0
1978,Nigardsbreen,Norway,5510.0
1979,Nigardsbreen,Norway,6220.0
1980,Nigardsbreen,Norway,5000.0
1981,Nigardsbreen,Norway,5310.0
1982,Nigardsbreen,Norway,4890.0
1983,Nigardsbreen,Norway,5980.0
1984,Nigardsbreen,Norway,6320.0
1985,Nigardsbreen,Norway,6100.0
1986,Nigardsbreen,Norway,6000.0
1987,Nigardsbreen,Norway,7480.0
1988,Nigardsbreen,Norway,6590.0
1989,Nigardsbreen,Norway,10060.0
1990,Nigardsbreen,Norway,11830.0
1991,Nigardsbreen,Norway,12030.0
1992,Nigardsbreen,Norway,13630.0
1993,Nigardsbreen,Norway,15480.0
1994,Nigardsbreen,Norway,16040.0
1995,Nigardsbreen,Norway,17230.0
1996,Nigardsbreen,Norway,16820.0
1997,Nigardsbreen,Norway,17290.0
1998,Nigardsbreen,Norway,18260.0
1999,Nigardsbreen,Norway,18430.0
2000,Nigardsbreen,Norway,20150.0
2001,Nigardsbreen,Norway,19931.0
2002,Nigardsbreen,Norway,19043.0
2003,Nigardsbreen,Norway,17884.0
2004,Nigardsbreen,Norway,17841.0
2005,Nigardsbreen,Norway,18939.0
2006,Nigardsbreen,Norway,17540.0
2007,Nigardsbreen,Norway,18587.0
2008,Nigardsbreen,Norway,19677.0
2009,Nigardsbreen,Norway,19917.0
2010,Nigardsbreen,Norway,19117.0
2011,Nigardsbreen,Norway,18286.0
2012,Nigardsbreen,Norway,19560.0
2013,Nigardsbreen,Norway,19328.0
2014,Nigardsbreen,Norway,18988.0
1962,Aalfotbreen,Norway,0.0
1963,Aalfotbreen,Norway,-1100.0
1964,Aalfotbreen,Norway,-820.0
1965,Aalfotbreen,Norway,-340.0
1966,Aalfotbreen,Norway,-1950.0
1967,Aalfotbreen,Norway,-670.0
1968,Aalfotbreen,Norway,280.0
1969,Aalfotbreen,Norway,-1890.0
1970,Aalfotbreen,Norway,-3120.0
1971,Aalfotbreen,Norway,-2180.0
1972,Aalfotbreen,Norway,-2290.0
1973,Aalfotbreen,Norway,-110.0
1974,Aalfotbreen,Norway,920.0
1975,Aalfotbreen,Norway,2130.0
1976,Aalfotbreen,Norway,3660.0
1977,Aalfotbreen,Norway,3100.0
1978,Aalfotbreen,Norway,2590.0
1979,Aalfotbreen,Norway,2460.0
1980,Aalfotbreen,Norway,1850.0
1981,Aalfotbreen,Norway,2070.0
1982,Aalfotbreen,Norway,1940.0
1983,Aalfotbreen,Norway,3540.0
1984,Aalfotbreen,Norway,4860.0
1985,Aalfotbreen,Norway,4300.0
1986,Aalfotbreen,Norway,3890.0
1987,Aalfotbreen,Norway,5960.0
1988,Aalfotbreen,Norway,3480.0
1989,Aalfotbreen,Norway,6410.0
1990,Aalfotbreen,Norway,8200.0
1991,Aalfotbreen,Norway,8990.0
1992,Aalfotbreen,Norway,11280.0
1993,Aalfotbreen,Norway,13460.0
1994,Aalfotbreen,Norway,14240.0
1995,Aalfotbreen,Norway,15440.0
1996,Aalfotbreen,Norway,13560.0
1997,Aalfotbreen,Norway,13640.0
1998,Aalfotbreen,Norway,13750.0
1999,Aalfotbreen,Norway,13810.0
2000,Aalfotbreen,Norway,15800.0
2001,Aalfotbreen,Norway,13707.0
2002,Aalfotbreen,Norway,12177.0
2003,Aalfotbreen,Norway,9675.0
2004,Aalfotbreen,Norway,9575.0
2005,Aalfotbreen,Norway,10243.0
2006,Aalfotbreen,Norway,7053.0
2007,Aalfotbreen,Norway,8323.0
2008,Aalfotbreen,Norway,9003.0
2009,Aalfotbreen,Norway,8833.0
2010,Aalfotbreen,Norway,6993.0
2011,Aalfotbreen,Norway,6148.0
2012,Aalfotbreen,Norway,7509.0
2013,Aalfotbreen,Norway,6605.0
2014,Aalfotbreen,Norway,4883.0
1969,Engabreen,Norway,0.0
1970,Engabreen,Norway,-990.0
1971,Engabreen,Norway,20.0
1972,Engabreen,Norway,-50.0
1973,Engabreen,Norway,2670.0
1974,Engabreen,Norway,3470.0
1975,Engabreen,Norway,5080.0
1976,Engabreen,Norway,7490.0
1977,Engabreen,Norway,8370.0
1978,Engabreen,Norway,7860.0
1979,Engabreen,Norway,8280.0
1980,Engabreen,Norway,7780.0
1981,Engabreen,Norway,8760.0
1982,Engabreen,Norway,9600.0
1983,Engabreen,Norway,10660.0
1984,Engabreen,Norway,11710.0
1985,Engabreen,Norway,10810.0
1986,Engabreen,Norway,11060.0
1987,Engabreen,Norway,12000.0
1988,Engabreen,Norway,10210.0
1989,Engabreen,Norway,13380.0
1990,Engabreen,Norway,14230.0
1991,Engabreen,Norway,14920.0
1992,Engabreen,Norway,17260.0
1993,Engabreen,Norway,18300.0
1994,Engabreen,Norway,18720.0
1995,Engabreen,Norway,20420.0
1996,Engabreen,Norway,21250.0
1997,Engabreen,Norway,22470.0
1998,Engabreen,Norway,22680.0
1999,Engabreen,Norway,22650.0
2000,Engabreen,Norway,24140.0
2001,Engabreen,Norway,22610.0
2002,Engabreen,Norway,22053.0
2003,Engabreen,Norway,21469.0
2004,Engabreen,Norway,22286.0
2005,Engabreen,Norway,23183.0
2006,Engabreen,Norway,21753.0
2007,Engabreen,Norway,22863.0
2008,Engabreen,Norway,23173.0
2009,Engabreen,Norway,23143.0
2010,Engabreen,Norway,22623.0
2011,Engabreen,Norway,21713.0
2012,Engabreen,Norway,22857.0
2013,Engabreen,Norway,21078.0
2014,Engabreen,Norway,20188.0
1948,Storbreen,Norway,0.0
1949,Storbreen,Norway,200.0
1950,Storbreen,Norway,-90.0
1951,Storbreen,Norway,-630.0
1952,Storbreen,Norway,-320.0
1953,Storbreen,Norway,-1170.0
1954,Storbreen,Norway,-1940.0
1955,Storbreen,Norway,-2430.0
1956,Storbreen,Norway,-2600.0
1957,Storbreen,Norway,-2550.0
1958,Storbreen,Norway,-2630.0
1959,Storbreen,Norway,-3910.0
1960,Storbreen,Norway,-5000.0
1961,Storbreen,Norway,-5520.0
1962,Storbreen,Norway,-4800.0
1963,Storbreen,Norway,-5980.0
1964,Storbreen,Norway,-5770.0
1965,Storbreen,Norway,-5430.0
1966,Storbreen,Norway,-6040.0
1967,Storbreen,Norway,-5320.0
1968,Storbreen,Norway,-5270.0
1969,Storbreen,Norway,-6690.0
1970,Storbreen,Norway,-7410.0
1971,Storbreen,Norway,-7230.0
1972,Storbreen,Norway,-7540.0
1973,Storbreen,Norway,-7460.0
1974,Storbreen,Norway,-7220.0
1975,Storbreen,Norway,-7370.0
1976,Storbreen,Norway,-7460.0
1977,Storbreen,Norway,-8000.0
1978,Storbreen,Norway,-8440.0
1979,Storbreen,Norway,-8540.0
1980,Storbreen,Norway,-9850.0
1981,Storbreen,Norway,-9950.0
1982,Storbreen,Norway,-10420.0
1983,Storbreen,Norway,-10220.0
1984,Storbreen,Norway,-10520.0
1985,Storbreen,Norway,-10920.0
1986,Storbreen,Norway,-11240.0
1987,Storbreen,Norway,-10920.0
1988,Storbreen,Norway,-11870.0
1989,Storbreen,Norway,-10670.0
1990,Storbreen,Norway,-9420.0
1991,Storbreen,Norway,-9570.0
1992,Storbreen,Norway,-9420.0
1993,Storbreen,Norway,-8730.0
1994,Storbreen,Norway,-8980.0
1995,Storbreen,Norway,-9130.0
1996,Storbreen,Norway,-10160.0
1997,Storbreen,Norway,-11190.0
1998,Storbreen,Norway,-10970.0
1999,Storbreen,Norway,-11210.0
2000,Storbreen,Norway,-10660.0
2001,Storbreen,Norway,-11230.0
2002,Storbreen,Norway,-13016.0
2003,Storbreen,Norway,-14582.0
2004,Storbreen,Norway,-15167.0
2005,Storbreen,Norway,-15230.0
2006,Storbreen,Norway,-17380.0
2007,Storbreen,Norway,-17770.0
2008,Storbreen,Norway,-17660.0
2009,Storbreen,Norway,-17880.0
2010,Storbreen,Norway,-19640.0
2011,Storbreen,Norway,-20990.0
2012,Storbreen,Norway,-21219.0
2013,Storbreen,Norway,-22394.0
2014,Storbreen,Norway,-23574.0
1945,Storglaciaeren,Sweden,0.0
1946,Storglaciaeren,Sweden,-1130.0
1947,Storglaciaeren,Sweden,-3190.0
1948,Storglaciaeren,Sweden,-3190.0
1949,Storglaciaeren,Sweden,-2290.0
1950,Storglaciaeren,Sweden,-3580.0
1951,Storglaciaeren,Sweden,-4230.0
1952,Storglaciaeren,Sweden,-4390.0
1953,Storglaciaeren,Sweden,-5200.0
1954,Storglaciaeren,Sweden,-6170.0
1955,Storglaciaeren,Sweden,-6330.0
1956,Storglaciaeren,Sweden,-6810.0
1957,Storglaciaeren,Sweden,-7130.0
1958,Storglaciaeren,Sweden,-7780.0
1959,Storglaciaeren,Sweden,-8750.0
1960,Storglaciaeren,Sweden,-10360.0
1961,Storglaciaeren,Sweden,-11460.0
1962,Storglaciaeren,Sweden,-11140.0
1963,Storglaciaeren,Sweden,-11330.0
1964,Storglaciaeren,Sweden,-10840.0
1965,Storglaciaeren,Sweden,-10410.0
1966,Storglaciaeren,Sweden,-10940.0
1967,Storglaciaeren,Sweden,-11170.0
1968,Storglaciaeren,Sweden,-11270.0
1969,Storglaciaeren,Sweden,-12310.0
1970,Storglaciaeren,Sweden,-13830.0
1971,Storglaciaeren,Sweden,-14020.0
1972,Storglaciaeren,Sweden,-15070.0
1973,Storglaciaeren,Sweden,-15020.0
1974,Storglaciaeren,Sweden,-15360.0
1975,Storglaciaeren,Sweden,-14190.0
1976,Storglaciaeren,Sweden,-13920.0
1977,Storglaciaeren,Sweden,-13720.0
1978,Storglaciaeren,Sweden,-13800.0
1979,Storglaciaeren,Sweden,-14010.0
1980,Storglaciaeren,Sweden,-15280.0
1981,Storglaciaeren,Sweden,-15470.0
1982,Storglaciaeren,Sweden,-15210.0
1983,Storglaciaeren,Sweden,-14930.0
1984,Storglaciaeren,Sweden,-14810.0
1985,Storglaciaeren,Sweden,-15530.0
1986,Storglaciaeren,Sweden,-15590.0
1987,Storglaciaeren,Sweden,-15110.0
1988,Storglaciaeren,Sweden,-15950.0
1989,Storglaciaeren,Sweden,-14710.0
1990,Storglaciaeren,Sweden,-14120.0
1991,Storglaciaeren,Sweden,-13950.0
1992,Storglaciaeren,Sweden,-13070.0
1993,Storglaciaeren,Sweden,-12070.0
1994,Storglaciaeren,Sweden,-12440.0
1995,Storglaciaeren,Sweden,-11740.0
1996,Storglaciaeren,Sweden,-12130.0
1997,Storglaciaeren,Sweden,-12760.0
1998,Storglaciaeren,Sweden,-13280.0
1999,Storglaciaeren,Sweden,-13460.0
2000,Storglaciaeren,Sweden,-12880.0
2001,Storglaciaeren,Sweden,-13580.0
2002,Storglaciaeren,Sweden,-14410.0
2003,Storglaciaeren,Sweden,-15450.0
2004,Storglaciaeren,Sweden,-15570.0
2005,Storglaciaeren,Sweden,-15640.0
2006,Storglaciaeren,Sweden,-17360.0
2007,Storglaciaeren,Sweden,-16950.0
2008,Storglaciaeren,Sweden,-16370.0
2009,Storglaciaeren,Sweden,-16900.0
2010,Storglaciaeren,Sweden,-17590.0
2011,Storglaciaeren,Sweden,-18650.0
2012,Storglaciaeren,Sweden,-17970.0
2013,Storglaciaeren,Sweden,-19380.0
2014,Storglaciaeren,Sweden,-20270.0
1956,Saint Sorlin,France,0.0
1957,Saint Sorlin,France,-360.0
1958,Saint Sorlin,France,-330.0
1959,Saint Sorlin,France,-1540.0
1960,Saint Sorlin,France,-1870.0
1961,Saint Sorlin,France,-1760.0
1962,Saint Sorlin,France,-2860.0
1963,Saint Sorlin,France,-2590.0
1964,Saint Sorlin,France,-4240.0
1965,Saint Sorlin,France,-3780.0
1966,Saint Sorlin,France,-3080.0
1967,Saint Sorlin,France,-3540.0
1968,Saint Sorlin,France,-2730.0
1969,Saint Sorlin,France,-2290.0
1970,Saint Sorlin,France,-2160.0
1971,Saint Sorlin,France,-3010.0
1972,Saint Sorlin,France,-3250.0
1973,Saint Sorlin,France,-4010.0
1974,Saint Sorlin,France,-4830.0
1975,Saint Sorlin,France,-4550.0
1976,Saint Sorlin,France,-5960.0
1977,Saint Sorlin,France,-4630.0
1978,Saint Sorlin,France,-3770.0
1979,Saint Sorlin,France,-3540.0
1980,Saint Sorlin,France,-2630.0
1981,Saint Sorlin,France,-2430.0
1982,Saint Sorlin,France,-2890.0
1983,Saint Sorlin,France,-3030.0
1984,Saint Sorlin,France,-2650.0
1985,Saint Sorlin,France,-3120.0
1986,Saint Sorlin,France,-4690.0
1987,Saint Sorlin,France,-5080.0
1988,Saint Sorlin,France,-4920.0
1989,Saint Sorlin,France,-7350.0
1990,Saint Sorlin,France,-8510.0
1991,Saint Sorlin,France,-9570.0
1992,Saint Sorlin,France,-11310.0
1993,Saint Sorlin,France,-12280.0
1994,Saint Sorlin,France,-12610.0
1995,Saint Sorlin,France,-11940.0
1996,Saint Sorlin,France,-12450.0
1997,Saint Sorlin,France,-12610.0
1998,Saint Sorlin,France,-14830.0
1999,Saint Sorlin,France,-15870.0
2000,Saint Sorlin,France,-17110.0
2001,Saint Sorlin,France,-16950.0
2002,Saint Sorlin,France,-18640.0
2003,Saint Sorlin,France,-21590.0
2004,Saint Sorlin,France,-24040.0
2005,Saint Sorlin,France,-26540.0
2006,Saint Sorlin,France,-27980.0
2007,Saint Sorlin,France,-30230.0
2008,Saint Sorlin,France,-32040.0
2009,Saint Sorlin,France,-34690.0
2010,Saint Sorlin,France,-35690.0
2011,Saint Sorlin,France,-38710.0
2012,Saint Sorlin,France,-40840.0
2013,Saint Sorlin,France,-41796.0
1948,Sarennes,France,0.0
1949,Sarennes,France,-2990.0
1950,Sarennes,France,-4610.0
1951,Sarennes,France,-4410.0
1952,Sarennes,France,-6030.0
1953,Sarennes,France,-6670.0
1954,Sarennes,France,-7220.0
1955,Sarennes,France,-6560.0
1956,Sarennes,France,-7160.0
1957,Sarennes,France,-7680.0
1958,Sarennes,France,-8350.0
1959,Sarennes,France,-9610.0
1960,Sarennes,France,-9490.0
1961,Sarennes,France,-9880.0
1962,Sarennes,France,-10790.0
1963,Sarennes,France,-10600.0
1964,Sarennes,France,-12430.0
1965,Sarennes,France,-12400.0
1966,Sarennes,France,-11980.0
1967,Sarennes,France,-12390.0
1968,Sarennes,France,-12050.0
1969,Sarennes,France,-12410.0
1970,Sarennes,France,-12820.0
1971,Sarennes,France,-13920.0
1972,Sarennes,France,-14290.0
1973,Sarennes,France,-15160.0
1974,Sarennes,France,-16760.0
1975,Sarennes,France,-16650.0
1976,Sarennes,France,-18720.0
1977,Sarennes,France,-17730.0
1978,Sarennes,France,-17180.0
1979,Sarennes,France,-17290.0
1980,Sarennes,France,-16970.0
1981,Sarennes,France,-16930.0
1982,Sarennes,France,-17030.0
1983,Sarennes,France,-17100.0
1984,Sarennes,France,-17140.0
1985,Sarennes,France,-18350.0
1986,Sarennes,France,-20140.0
1987,Sarennes,France,-21060.0
1988,Sarennes,France,-21750.0
1989,Sarennes,France,-24340.0
1990,Sarennes,France,-26480.0
1991,Sarennes,France,-27840.0
1992,Sarennes,France,-29150.0
1993,Sarennes,France,-30350.0
1994,Sarennes,France,-30980.0
1995,Sarennes,France,-30220.0
1996,Sarennes,France,-30220.0
1997,Sarennes,France,-30650.0
1998,Sarennes,France,-32990.0
1999,Sarennes,France,-34050.0
2000,Sarennes,France,-35584.0
2001,Sarennes,France,-35194.0
2002,Sarennes,France,-37514.0
2003,Sarennes,France,-40654.0
2004,Sarennes,France,-43474.0
2005,Sarennes,France,-46734.0
2006,Sarennes,France,-49114.0
2007,Sarennes,France,-51634.0
2008,Sarennes,France,-53974.0
2009,Sarennes,France,-57874.0
2010,Sarennes,France,-59404.0
2011,Sarennes,France,-63557.0
2012,Sarennes,France,-66247.0
2013,Sarennes,France,-67617.0
2014,Sarennes,France,-69524.0
1961,Gries,Switzerland,0.0
1962,Gries,Switzerland,-984.0
1963,Gries,Switzerland,-1164.0
1964,Gries,Switzerland,-1852.0
1965,Gries,Switzerland,-1407.0
1966,Gries,Switzerland,-1764.0
1967,Gries,Switzerland,-1735.0
1968,Gries,Switzerland,-1356.0
1969,Gries,Switzerland,-623.0
1970,Gries,Switzerland,-1381.0
1971,Gries,Switzerland,-1908.0
1972,Gries,Switzerland,-1500.0
1973,Gries,Switzerland,-2595.0
1974,Gries,Switzerland,-2773.0
1975,Gries,Switzerland,-2395.0
1976,Gries,Switzerland,-3416.0
1977,Gries,Switzerland,-2250.0
1978,Gries,Switzerland,-1194.0
1979,Gries,Switzerland,-2079.0
1980,Gries,Switzerland,-1509.0
1981,Gries,Switzerland,-1833.0
1982,Gries,Switzerland,-3137.0
1983,Gries,Switzerland,-3916.0
1984,Gries,Switzerland,-3920.0
1985,Gries,Switzerland,-4446.0
1986,Gries,Switzerland,-5393.0
1987,Gries,Switzerland,-6126.0
1988,Gries,Switzerland,-7050.0
1989,Gries,Switzerland,-8121.0
1990,Gries,Switzerland,-10109.0
1991,Gries,Switzerland,-11453.0
1992,Gries,Switzerland,-12578.0
1993,Gries,Switzerland,-13630.0
1994,Gries,Switzerland,-13839.0
1995,Gries,Switzerland,-14117.0
1996,Gries,Switzerland,-14634.0
1997,Gries,Switzerland,-15702.0
1998,Gries,Switzerland,-17755.0
1999,Gries,Switzerland,-18319.0
2000,Gries,Switzerland,-19304.0
2001,Gries,Switzerland,-19533.0
2002,Gries,Switzerland,-20523.0
2003,Gries,Switzerland,-23234.0
2004,Gries,Switzerland,-24380.0
2005,Gries,Switzerland,-25892.0
2006,Gries,Switzerland,-27887.0
2007,Gries,Switzerland,-29360.0
2008,Gries,Switzerland,-30961.0
2009,Gries,Switzerland,-31844.0
2010,Gries,Switzerland,-33151.0
2011,Gries,Switzerland,-35301.0
2012,Gries,Switzerland,-37701.0
2013,Gries,Switzerland,-38243.0
2014,Gries,Switzerland,-38853.0
1964,Vernagt Ferner,Austria,0.0
1965,Vernagt Ferner,Austria,751.0
1966,Vernagt Ferner,Austria,1383.0
1967,Vernagt Ferner,Austria,1466.0
1968,Vernagt Ferner,Austria,1767.0
1969,Vernagt Ferner,Austria,1460.0
1970,Vernagt Ferner,Austria,1236.0
1971,Vernagt Ferner,Austria,812.0
1972,Vernagt Ferner,Austria,949.0
1973,Vernagt Ferner,Austria,489.0
1974,Vernagt Ferner,Austria,719.0
1975,Vernagt Ferner,Austria,890.0
1976,Vernagt Ferner,Austria,940.0
1977,Vernagt Ferner,Austria,1292.0
1978,Vernagt Ferner,Austria,1580.0
1979,Vernagt Ferner,Austria,1624.0
1980,Vernagt Ferner,Austria,1764.0
1981,Vernagt Ferner,Austria,1709.0
1982,Vernagt Ferner,Austria,864.0
1983,Vernagt Ferner,Austria,327.0
1984,Vernagt Ferner,Austria,347.0
1985,Vernagt Ferner,Austria,235.0
1986,Vernagt Ferner,Austria,-573.0
1987,Vernagt Ferner,Austria,-863.0
1988,Vernagt Ferner,Austria,-1360.0
1989,Vernagt Ferner,Austria,-1672.0
1990,Vernagt Ferner,Austria,-2240.0
1991,Vernagt Ferner,Austria,-3319.0
1992,Vernagt Ferner,Austria,-4177.0
1993,Vernagt Ferner,Austria,-4649.0
1994,Vernagt Ferner,Austria,-5677.0
1995,Vernagt Ferner,Austria,-6075.0
1996,Vernagt Ferner,Austria,-6488.0
1997,Vernagt Ferner,Austria,-6975.0
1998,Vernagt Ferner,Austria,-7978.0
1999,Vernagt Ferner,Austria,-8086.0
2000,Vernagt Ferner,Austria,-8373.0
2001,Vernagt Ferner,Austria,-8597.0
2002,Vernagt Ferner,Austria,-8863.0
2003,Vernagt Ferner,Austria,-10996.0
2004,Vernagt Ferner,Austria,-11403.0
2005,Vernagt Ferner,Austria,-11926.0
2006,Vernagt Ferner,Austria,-12808.0
2007,Vernagt Ferner,Austria,-13774.0
2008,Vernagt Ferner,Austria,-14617.0
2009,Vernagt Ferner,Austria,-15576.0
2010,Vernagt Ferner,Austria,-16256.0
2011,Vernagt Ferner,Austria,-17211.0
2012,Vernagt Ferner,Austria,-18366.0
2013,Vernagt Ferner,Austria,-18791.0
2014,Vernagt Ferner,Austria,-19041.0
1952,Hintereis Ferner,Austria,0.0
1953,Hintereis Ferner,Austria,-540.0
1954,Hintereis Ferner,Austria,-826.0
1955,Hintereis Ferner,Austria,-750.0
1956,Hintereis Ferner,Austria,-1025.0
1957,Hintereis Ferner,Austria,-1214.0
1958,Hintereis Ferner,Austria,-2195.0
1959,Hintereis Ferner,Austria,-2958.0
1960,Hintereis Ferner,Austria,-3020.0
1961,Hintereis Ferner,Austria,-3225.0
1962,Hintereis Ferner,Austria,-3921.0
1963,Hintereis Ferner,Austria,-4524.0
1964,Hintereis Ferner,Austria,-5768.0
1965,Hintereis Ferner,Austria,-4843.0
1966,Hintereis Ferner,Austria,-4499.0
1967,Hintereis Ferner,Austria,-4479.0
1968,Hintereis Ferner,Austria,-4141.0
1969,Hintereis Ferner,Austria,-4572.0
1970,Hintereis Ferner,Austria,-5124.0
1971,Hintereis Ferner,Austria,-5724.0
1972,Hintereis Ferner,Austria,-5798.0
1973,Hintereis Ferner,Austria,-7027.0
1974,Hintereis Ferner,Austria,-6972.0
1975,Hintereis Ferner,Austria,-6907.0
1976,Hintereis Ferner,Austria,-7221.0
1977,Hintereis Ferner,Austria,-6461.0
1978,Hintereis Ferner,Austria,-6050.0
1979,Hintereis Ferner,Austria,-6269.0
1980,Hintereis Ferner,Austria,-6319.0
1981,Hintereis Ferner,Austria,-6492.0
1982,Hintereis Ferner,Austria,-7732.0
1983,Hintereis Ferner,Austria,-8312.0
1984,Hintereis Ferner,Austria,-8280.0
1985,Hintereis Ferner,Austria,-8854.0
1986,Hintereis Ferner,Austria,-9586.0
1987,Hintereis Ferner,Austria,-10303.0
1988,Hintereis Ferner,Austria,-11248.0
1989,Hintereis Ferner,Austria,-11885.0
1990,Hintereis Ferner,Austria,-12880.0
1991,Hintereis Ferner,Austria,-14205.0
1992,Hintereis Ferner,Austria,-15325.0
1993,Hintereis Ferner,Austria,-15895.0
1994,Hintereis Ferner,Austria,-17005.0
1995,Hintereis Ferner,Austria,-17465.0
1996,Hintereis Ferner,Austria,-18292.0
1997,Hintereis Ferner,Austria,-18883.0
1998,Hintereis Ferner,Austria,-20115.0
1999,Hintereis Ferner,Austria,-20976.0
2000,Hintereis Ferner,Austria,-21609.0
2001,Hintereis Ferner,Austria,-21782.0
2002,Hintereis Ferner,Austria,-22429.0
2003,Hintereis Ferner,Austria,-24243.0
2004,Hintereis Ferner,Austria,-24910.0
2005,Hintereis Ferner,Austria,-25971.0
2006,Hintereis Ferner,Austria,-27487.0
2007,Hintereis Ferner,Austria,-29284.0
2008,Hintereis Ferner,Austria,-30519.0
2009,Hintereis Ferner,Austria,-31437.0
2010,Hintereis Ferner,Austria,-32856.0
2011,Hintereis Ferner,Austria,-34275.0
2012,Hintereis Ferner,Austria,-35836.0
2013,Hintereis Ferner,Austria,-36346.0
2014,Hintereis Ferner,Austria,-36468.0
1966,Careser,Italy,0.0
1967,Careser,Italy,-390.0
1968,Careser,Italy,-130.0
1969,Careser,Italy,-130.0
1970,Careser,Italy,-760.0
1971,Careser,Italy,-1410.0
1972,Careser,Italy,-1010.0
1973,Careser,Italy,-2290.0
1974,Careser,Italy,-2610.0
1975,Careser,Italy,-2440.0
1976,Careser,Italy,-2710.0
1977,Careser,Italy,-1720.0
1978,Careser,Italy,-1640.0
1979,Careser,Italy,-1820.0
1980,Careser,Italy,-1810.0
1981,Careser,Italy,-2650.0
1982,Careser,Italy,-4330.0
1983,Careser,Italy,-5120.0
1984,Careser,Italy,-5710.0
1985,Careser,Italy,-6470.0
1986,Careser,Italy,-7610.0
1987,Careser,Italy,-9250.0
1988,Careser,Italy,-10260.0
1989,Careser,Italy,-11080.0
1990,Careser,Italy,-12660.0
1991,Careser,Italy,-14390.0
1992,Careser,Italy,-15590.0
1993,Careser,Italy,-15890.0
1994,Careser,Italy,-17630.0
1995,Careser,Italy,-18710.0
1996,Careser,Italy,-20030.0
1997,Careser,Italy,-20960.0
1998,Careser,Italy,-23200.0
1999,Careser,Italy,-25000.0
2000,Careser,Italy,-26610.0
2001,Careser,Italy,-26860.0
2002,Careser,Italy,-28009.0
2003,Careser,Italy,-31326.0
2004,Careser,Italy,-32888.0
2005,Careser,Italy,-34893.0
2006,Careser,Italy,-36986.0
2007,Careser,Italy,-39731.0
2008,Careser,Italy,-41582.0
2009,Careser,Italy,-42818.0
2010,Careser,Italy,-43780.0
2011,Careser,Italy,-45702.0
2012,Careser,Italy,-48162.0
2013,Careser,Italy,-49201.0
2014,Careser,Italy,-49332.0
1991,Maladeta,Spain,0.0
1992,Maladeta,Spain,-327.0
1993,Maladeta,Spain,-359.0
1994,Maladeta,Spain,-8.0
1995,Maladeta,Spain,-651.0
1996,Maladeta,Spain,-444.0
1997,Maladeta,Spain,68.0
1998,Maladeta,Spain,-887.0
1999,Maladeta,Spain,-1651.0
2000,Maladeta,Spain,-2551.0
2001,Maladeta,Spain,-2049.0
2002,Maladeta,Spain,-2860.0
2003,Maladeta,Spain,-3962.0
2004,Maladeta,Spain,-5478.0
2005,Maladeta,Spain,-6957.0
2006,Maladeta,Spain,-8744.0
2007,Maladeta,Spain,-9691.0
2008,Maladeta,Spain,-9729.0
2009,Maladeta,Spain,-11144.0
2010,Maladeta,Spain,-10885.0
2011,Maladeta,Spain,-12807.0
2012,Maladeta,Spain,-15278.0
2013,Maladeta,Spain,-14888.0
2014,Maladeta,Spain,-14810.0
1987,Hofsjökull N,Iceland,0.0
1988,Hofsjökull N,Iceland,-740.0
1989,Hofsjökull N,Iceland,-160.0
1990,Hofsjökull N,Iceland,-760.0
1991,Hofsjökull N,Iceland,-2170.0
1992,Hofsjökull N,Iceland,-1110.0
1993,Hofsjökull N,Iceland,-200.0
1994,Hofsjökull N,Iceland,-120.0
1995,Hofsjökull N,Iceland,-800.0
1996,Hofsjökull N,Iceland,-1580.0
1997,Hofsjökull N,Iceland,-2630.0
1998,Hofsjökull N,Iceland,-3310.0
1999,Hofsjökull N,Iceland,-3560.0
2000,Hofsjökull N,Iceland,-4900.0
2001,Hofsjökull N,Iceland,-5480.0
2002,Hofsjökull N,Iceland,-6480.0
2003,Hofsjökull N,Iceland,-7460.0
2004,Hofsjökull N,Iceland,-8820.0
2005,Hofsjökull N,Iceland,-9250.0
2006,Hofsjökull N,Iceland,-9760.0
2007,Hofsjökull N,Iceland,-10150.0
2008,Hofsjökull N,Iceland,-10720.0
2009,Hofsjökull N,Iceland,-11070.0
2010,Hofsjökull N,Iceland,-13470.0
2011,Hofsjökull N,Iceland,-13790.0
2012,Hofsjökull N,Iceland,-14250.0
2013,Hofsjökull N,Iceland,-14610.0
2014,Hofsjökull N,Iceland,-15560.0
